{"cameraMode":{"drawMode":0,"name":"Shaded","section":"Shading Mode"},"sceneLighting":false,"audioPlay":false,"sceneViewState":{"showFog":true,"showMaterialUpdate":false,"showSkybox":true,"showFlares":true,"showImageEffects":true,"showParticleSystems":true},"in2DMode":false,"pivot":{"x":1.7400000095367432,"y":0.0,"z":7.269999980926514},"rotation":{"x":0.22125205397605897,"y":0.2399272471666336,"z":-0.05625931918621063,"w":0.9435663223266602},"size":2.9700002670288088,"orthographic":false}